label,x,y,z,w,h,l,roll,pitch,yaw
30,-3.000000,-0.399953,-6.499998,1.000000,1.000000,1.000000,0.018180,1.570790,1.588976
20,0.000000,-0.399953,-6.499997,1.000000,1.000000,1.000000,0.018180,1.570790,1.588976
10,3.000000,-0.399952,-6.499997,1.000000,1.000000,1.000000,0.018180,1.570790,1.588976
40,-3.962521,0.100033,-4.499994,2.000000,2.000000,2.000000,0.018180,1.570790,1.588976
