label,x,y,z,w,h,l,roll,pitch,yaw
30,-3.000000,-0.399956,-6.499998,1.000000,1.000000,1.000000,0.021273,1.570791,1.592070
20,0.000000,-0.399956,-6.499998,1.000000,1.000000,1.000000,0.021273,1.570791,1.592070
10,3.000000,-0.399955,-6.499997,1.000000,1.000000,1.000000,0.021273,1.570791,1.592070
40,-3.997577,0.100032,-4.499995,2.000000,2.000000,2.000000,0.021273,1.570791,1.592070
