label,x,y,z,w,h,l,roll,pitch,yaw
30,-3.000000,-0.399955,-6.499998,1.000000,1.000000,1.000000,0.039978,1.570790,1.610775
20,0.000000,-0.399954,-6.499997,1.000000,1.000000,1.000000,0.039978,1.570790,1.610775
10,3.000000,-0.399954,-6.499997,1.000000,1.000000,1.000000,0.039978,1.570790,1.610775
40,-3.990416,0.100032,-4.499995,2.000000,2.000000,2.000000,0.039978,1.570790,1.610775
