label,x,y,z,w,h,l,roll,pitch,yaw
30,-2.999999,-0.399953,-6.499997,1.000000,1.000000,1.000000,-0.000000,1.570789,1.570796
20,0.000000,-0.399952,-6.499996,1.000000,1.000000,1.000000,-0.000000,1.570789,1.570796
10,3.000000,-0.399951,-6.499996,1.000000,1.000000,1.000000,-0.000000,1.570789,1.570796
40,-3.821178,0.100033,-4.499993,2.000000,2.000000,2.000000,-0.000000,1.570789,1.570796
