label,x,y,z,w,h,l,roll,pitch,yaw
30,-3.000000,-0.399954,-6.499998,1.000000,1.000000,1.000000,0.018866,1.570790,1.589662
20,0.000000,-0.399953,-6.499997,1.000000,1.000000,1.000000,0.018866,1.570790,1.589662
10,3.000000,-0.399953,-6.499997,1.000000,1.000000,1.000000,0.018866,1.570790,1.589662
40,-3.978675,0.100033,-4.499994,2.000000,2.000000,2.000000,0.018866,1.570790,1.589662
