label,x,y,z,w,h,l,roll,pitch,yaw
30,-3.000000,-0.399952,-6.499997,1.000000,1.000000,1.000000,0.034469,1.570789,1.605266
20,0.000000,-0.399951,-6.499997,1.000000,1.000000,1.000000,0.034469,1.570789,1.605266
10,3.000000,-0.399951,-6.499996,1.000000,1.000000,1.000000,0.034469,1.570789,1.605266
40,-3.593710,0.100033,-4.499994,2.000000,2.000000,2.000000,0.034469,1.570789,1.605266
