label,x,y,z,w,h,l,roll,pitch,yaw
30,-3.000000,-0.399958,-6.499999,1.000000,1.000000,1.000000,0.023251,1.570791,1.594048
20,0.000000,-0.399957,-6.499998,1.000000,1.000000,1.000000,0.023251,1.570791,1.594048
10,3.000000,-0.399956,-6.499998,1.000000,1.000000,1.000000,0.023251,1.570791,1.594048
40,-3.999980,0.100031,-4.499996,2.000000,2.000000,2.000000,0.023251,1.570791,1.594048
